056-410-110,087072,1654.95,190.48,150.0
056-410-120,087072,4733.64,544.84,150.0
056-420-020,087072,7939.38,913.82,150.0
056-430-030,087088,5583.93,642.71,150.0
056-440-020,087029,3203.39,368.71,150.0
056-440-030,087088,789.6,90.88,150.0
056-440-080,087029,0,0,0
064-380-010,087088,0,0,0
064-380-020,087013,16464.83,1895.1,150.0
066-140-090,087029,3154.63,363.09,150.0
066-220-020,087020,52461.67,6038.33,150.0
066-240-020,087057,0,0,0
066-250-070,087090,4625.75,532.42,150.0
066-250-080,087090,1033.26,118.92,150.0
066-250-090,087057,640.58,73.73,150.0
066-250-100,087057,516.58,59.45,150.0
066-250-110,087090,13150.0,1513.56,150.0
066-250-120,087057,4610.5,530.66,0
066-250-140,087090,2389.43,275.02,150.0
066-250-150,087057,3485.89,401.22,150.0
066-250-160,087057,766.09,88.17,0
067-012-020,087013,2878.5,331.31,150.0
067-012-050,087013,11430.0,1315.59,150.0
067-012-070,087013,104.04,11.97,150.0
067-012-090,087013,9336.85,1074.67,150.0
067-012-999,Null,0,0,0
067-013-010,087043,4660.55,536.42,150.0
067-013-020,087043,5076.44,584.29,150.0
067-013-030,087043,20758.33,2389.28,150.0
067-013-040,087043,1362.28,156.79,150.0
067-014-010,087043,11650.11,1340.92,150.0
067-014-020,087043,6942.69,799.1,150.0
067-014-030,087043,2024.34,233.0,150.0
067-014-040,087043,1616.06,186.0,150.0
067-014-060,087043,8383.48,964.93,0
067-014-080,087043,14882.34,1712.95,150.0
067-014-090,087043,9930.0,1142.94,150.0
067-014-100,087043,117.56,13.53,150.0
067-014-110,087043,171.41,19.72,150.0
067-014-120,087043,14685.17,1690.26,150.0
067-014-130,087043,2755.58,317.16,150.0
067-014-160,087043,9323.11,1073.08,0
067-021-010,087043,8057.36,927.4,150.0
067-021-020,087043,676.78,77.89,0
067-021-030,087043,8299.62,955.28,150.0
067-021-040,087043,5719.51,658.31,150.0
067-021-050,087043,3613.61,415.92,150.0
067-021-060,087043,6929.29,797.56,150.0
067-021-070,087043,1071.74,123.35,0
067-021-130,087043,12800.0,1473.28,150.0
067-021-140,087043,10251.07,1179.89,150.0
067-022-010,087013,4155.91,478.34,150.0
067-022-020,087013,2279.93,262.41,150.0
067-022-040,087013,1925.07,221.57,150.0
067-022-999,Null,0,0,0
067-031-020,087043,549.04,63.19,150.0
067-031-050,087043,13455.2,1548.69,150.0
067-031-060,087043,18272.02,2103.1,150.0
067-031-070,087043,3301.91,380.04,150.0
067-031-080,087043,8677.91,998.82,150.0
067-031-090,087043,10496.18,1208.11,150.0
067-031-100,087043,4808.43,553.45,150.0
067-032-010,087073,12175.66,1401.41,150.0
067-032-020,087043,4570.82,526.1,150.0
067-032-030,087032,4301.07,495.05,0
067-032-040,087032,3770.84,434.02,150.0
067-032-050,087032,8080.4,930.05,150.0
067-041-010,087043,14860.5,1710.44,150.0
067-041-020,087043,984.42,113.3,150.0
067-041-030,087043,12947.87,1490.29,150.0
067-041-040,087043,6510.04,749.3,150.0
067-041-060,087043,5439.96,626.13,0
067-041-070,087043,1909.26,219.75,150.0
067-041-080,087043,1139.01,131.1,150.0
067-042-010,087043,107.73,12.39,150.0
067-042-020,087043,2318.17,266.82,150.0
067-042-030,087043,4040.24,465.03,150.0
067-042-040,087043,6214.58,715.29,0
067-043-050,087032,247.26,28.45,150.0
067-043-060,087032,6720.65,773.54,150.0
067-043-070,087032,6685.86,769.54,150.0
067-050-010,087043,35.08,4.03,150.0
067-050-030,087043,9675.05,1113.59,150.0
067-050-040,087043,23007.26,2648.13,150.0
067-050-070,087043,3042.97,350.24,150.0
067-050-080,087043,14325.76,1648.89,150.0
067-050-090,087043,4796.64,552.09,0
067-050-120,087043,1567.09,180.37,0
067-050-130,087043,1712.11,197.06,150.0
067-050-140,087043,8803.07,1013.23,0
067-060-010,087043,164.22,18.9,150.0
067-060-030,087043,7729.42,889.65,150.0
067-060-050,087043,775.56,89.26,150.0
067-060-060,087043,15138.0,1742.38,150.0
067-060-080,087032,1237.27,142.4,150.0
067-060-090,087043,15075.54,1735.19,150.0
067-060-100,087043,6534.94,752.17,150.0
067-060-110,087043,153.86,17.7,150.0
067-060-120,087043,1215.3,139.88,150.0
067-060-130,087043,1017.45,117.1,150.0
067-060-140,087043,142.22,16.36,150.0
067-060-150,087032,1153.85,132.8,150.0
067-060-180,087043,318.52,36.66,150.0
067-060-260,087043,15680.0,1804.76,150.0
067-060-270,087043,15193.84,1748.81,150.0
067-060-280,087043,17509.92,2015.39,150.0
067-060-340,087032,10814.7,1244.77,0
067-060-350,087032,7548.24,868.8,150.0
067-060-360,087043,13382.76,1540.35,150.0
067-060-380,087043,2594.89,298.67,150.0
067-060-400,087043,17780.0,2046.47,150.0
067-060-410,087043,15952.2,1836.09,150.0
067-060-440,087043,5123.17,589.67,150.0
067-060-450,087043,15202.74,1749.83,150.0
067-060-460,087043,10052.04,1156.98,150.0
067-070-010,087043,6261.12,720.65,150.0
067-070-020,087043,6171.17,710.3,150.0
067-070-040,087043,420.08,48.35,150.0
067-070-060,087043,19549.27,2250.12,150.0
067-070-070,087043,18286.06,2104.72,150.0
067-070-080,087043,3480.17,400.56,150.0
067-080-020,087032,7183.94,826.87,150.0
067-080-040,087032,12012.06,1382.58,150.0
067-080-050,087043,7555.85,869.67,150.0
067-080-070,087043,5123.28,589.68,150.0
067-080-110,087043,12982.85,1494.32,150.0
067-080-120,087043,5519.5,635.29,150.0
067-080-130,087043,14126.54,1625.96,150.0
067-080-140,087043,11702.12,1346.91,150.0
067-080-150,087043,6701.39,771.32,150.0
067-080-160,087043,5481.99,630.97,0
067-080-170,087043,4600.32,529.49,150.0
067-080-190,087043,6236.33,717.8,150.0
067-080-200,087043,30.3,3.48,150.0
067-080-220,087043,6618.8,761.82,150.0
067-080-230,087043,15387.51,1771.1,150.0
067-091-010,087043,10.58,1.21,150.0
067-091-040,087043,159.18,18.32,150.0
067-091-050,087043,0,0,0
067-091-060,087043,0,0,0
067-092-090,087043,0,0,0
067-093-050,087043,2.28,0.26,150.0
067-093-090,087043,0,0,0
067-094-030,087043,2.28,0.26,150.0
067-094-040,087043,0,0,0
067-094-050,087043,2.28,0.26,150.0
067-094-060,087043,7.46,0.85,150.0
067-094-070,087043,15.97,1.83,150.0
067-094-080,087043,0,0,0
067-094-090,087043,0,0,0
067-094-100,087043,0,0,0
067-094-110,087043,0,0,0
067-095-010,087043,0,0,0
067-095-020,087043,198.56,22.85,150.0
067-095-060,087043,40.92,4.7,150.0
067-095-070,087043,0,0,0
067-096-010,087043,0,0,0
067-096-030,087043,132.65,15.26,150.0
067-096-040,087043,0,0,0
067-096-050,087043,2.28,0.26,150.0
067-096-060,087043,0,0,0
067-096-070,087043,0,0,0
067-096-080,087043,0,0,0
067-096-090,087043,0,0,0
067-096-100,087043,137.34,15.8,150.0
067-096-130,087043,2.28,0.26,150.0
067-096-140,087043,8.03,0.92,150.0
067-096-150,087043,0,0,0
067-096-170,087043,0,0,0
067-097-080,087043,12.92,1.48,150.0
067-097-140,087043,0,0,0
067-098-020,087043,4.66,0.53,150.0
067-098-030,087043,0,0,0
067-098-040,087043,226.09,26.02,150.0
067-098-050,087043,0,0,0
067-098-080,087043,55.48,6.38,150.0
067-098-090,087043,0,0,0
067-098-100,087043,0,0,0
067-098-130,087043,0,0,0
067-098-140,087043,0,0,0
067-101-010,087043,0,0,0
067-101-020,087043,35.65,4.1,150.0
067-101-030,087043,0,0,0
067-101-040,087043,4.66,0.53,150.0
067-101-050,087043,0,0,0
067-101-120,087043,2.8,0.32,150.0
067-101-130,087043,0,0,0
067-101-140,087043,2.28,0.26,150.0
067-101-150,087043,2.28,0.26,150.0
067-101-160,087043,0,0,0
067-101-170,087043,0,0,0
067-101-180,087043,2.46,0.28,150.0
067-101-200,087043,0,0,0
067-102-010,087043,0,0,0
067-102-020,087043,0,0,0
067-102-030,087043,0,0,0
067-102-040,087043,0,0,0
067-102-050,087043,0,0,0
067-102-060,087043,0,0,0
067-102-070,087043,6.5,0.74,150.0
067-102-080,087043,0,0,0
067-102-090,087043,0,0,0
067-102-100,087043,54.91,6.32,150.0
067-102-110,087043,2.8,0.32,150.0
067-102-120,087043,0,0,0
067-102-130,087043,0,0,0
067-102-140,087043,0,0,0
067-102-150,087043,1.12,0.13,150.0
067-102-160,087043,0,0,0
067-102-170,087043,0,0,0
067-102-180,087043,57.8,6.65,150.0
067-102-230,087043,0,0,0
067-103-010,087043,126.93,14.6,150.0
067-103-030,087043,4.73,0.54,150.0
067-103-060,087043,0,0,0
067-103-070,087043,2.28,0.26,150.0
067-103-080,087043,0,0,0
067-103-090,087043,0,0,0
067-104-020,087043,47.19,5.43,150.0
067-104-030,087043,0,0,0
067-104-050,087043,47.19,5.43,150.0
067-104-090,087043,0,0,0
067-105-020,087043,17.92,2.06,150.0
067-105-050,087043,0,0,0
067-105-090,087043,61.9,7.12,150.0
067-105-110,087043,2.28,0.26,150.0
067-105-130,087043,0,0,0
067-105-150,087043,0,0,0
067-106-020,087043,0,0,0
067-106-030,087043,2.28,0.26,150.0
067-106-060,087043,0,0,0
067-106-190,087043,0,0,0
067-106-200,087043,15.68,1.8,150.0
067-107-010,087043,48.98,5.63,150.0
067-107-020,087043,0,0,0
067-107-030,087043,0,0,0
067-107-040,087043,0,0,0
067-107-070,087043,296.68,34.14,150.0
067-107-080,087043,0,0,0
067-107-090,087043,2.28,0.26,150.0
067-107-100,087043,0,0,0
067-107-110,087043,0,0,0
067-108-020,087043,4.73,0.54,150.0
067-108-060,087043,0,0,0
067-108-080,087043,0,0,0
067-111-010,087043,19.67,2.26,150.0
067-111-020,087043,0,0,0
067-111-050,087043,0,0,0
067-111-060,087043,589.41,67.84,150.0
067-113-010,Null,0,0,0
067-113-011,087043,0,0,0
067-113-012,087043,0,0,0
067-114-010,087043,0,0,0
067-114-020,087043,4.66,0.53,150.0
067-114-040,087043,0,0,0
067-114-110,087043,0,0,0
067-115-010,087043,0,0,0
067-115-040,087043,2.85,0.32,150.0
067-115-050,087043,0,0,0
067-115-080,087043,0,0,0
067-115-090,087043,0,0,0
067-115-100,087043,21.63,2.48,150.0
067-115-110,087043,0,0,0
067-115-120,087043,0,0,0
067-115-140,087043,2.28,0.26,150.0
067-115-150,087043,0,0,0
067-115-160,087043,0,0,0
067-115-170,087043,0,0,0
067-116-010,087043,0,0,0
067-116-020,087043,0,0,0
067-116-050,087043,0,0,0
067-116-080,087043,12.92,1.48,150.0
067-116-150,087043,0,0,0
067-117-010,087043,0,0,0
067-117-020,087043,78.03,8.98,150.0
067-117-030,087043,0,0,0
067-117-040,087043,2.28,0.26,150.0
067-117-050,087043,0,0,0
067-117-060,087043,20.04,2.3,150.0
067-117-070,087043,401.92,46.26,150.0
067-117-080,087043,0,0,0
067-117-090,087043,104.51,12.02,150.0
067-118-010,087043,6.5,0.74,150.0
067-118-020,087043,2.28,0.26,150.0
067-118-050,087043,0,0,0
067-118-060,087043,0,0,0
067-118-070,087043,0,0,0
067-118-080,087043,0,0,0
067-118-140,087043,0,0,0
067-118-150,087043,0,0,0
067-118-190,087043,0,0,0
067-119-010,087043,6.5,0.74,150.0
067-119-020,087043,198.97,22.9,150.0
067-119-050,087043,21.21,2.44,150.0
067-119-060,087043,0,0,0
067-121-010,087043,0,0,0
067-121-020,087043,0,0,0
067-121-030,087043,0,0,0
067-121-040,087043,0,0,0
067-121-050,087043,0,0,0
067-121-060,087043,0,0,0
067-121-070,087043,0,0,0
067-122-010,087043,54.4,6.26,150.0
067-122-100,087043,2.28,0.26,150.0
067-122-150,087043,0,0,0
067-122-180,087043,0,0,0
067-122-220,087043,0,0,0
067-123-010,087043,0,0,0
067-123-060,087043,0,0,0
067-123-080,087043,54.4,6.26,150.0
067-123-100,087043,54.4,6.26,150.0
067-123-110,087043,4.66,0.53,150.0
067-123-140,087043,0,0,0
067-123-150,087043,0,0,0
067-123-160,087043,28.49,3.27,150.0
067-123-170,087043,0,0,0
067-123-180,087043,100.76,11.59,150.0
067-123-200,087043,132.65,15.26,150.0
067-123-230,087043,0,0,0
067-123-240,087043,0,0,0
067-123-250,087043,0,0,0
067-123-260,087043,0,0,0
067-123-270,087043,63.66,7.32,150.0
067-123-280,087043,0,0,0
067-123-290,087043,11.6,1.33,150.0
067-124-040,087043,0,0,0
067-124-050,087043,0,0,0
067-124-060,087043,0,0,0
067-124-070,087043,4.66,0.53,150.0
067-124-080,087043,0,0,0
067-124-090,087043,2.28,0.26,150.0
067-124-100,087043,40.43,4.65,150.0
067-124-190,087043,0,0,0
067-124-220,Null,0,0,0
067-124-230,087043,0,0,0
067-125-040,087043,0,0,0
067-126-010,087043,0,0,0
067-126-020,087043,0,0,0
067-126-030,087043,2.28,0.26,150.0
067-126-040,087043,0,0,0
067-126-050,087043,0,0,0
067-126-060,087043,64.19,7.38,150.0
067-126-070,087043,0,0,0
067-126-080,087043,4.96,0.57,150.0
067-126-090,087043,7.03,0.8,150.0
067-127-010,087043,0,0,0
067-127-020,087043,26.29,3.02,150.0
067-128-020,087043,0,0,0
067-128-040,087043,0,0,0
067-128-050,087043,14.99,1.72,150.0
067-128-060,087043,0,0,0
067-128-080,087043,0,0,0
067-128-090,087043,9.25,1.06,150.0
067-128-100,087043,0,0,0
067-128-110,087043,0,0,0
067-128-130,087043,0,0,0
067-128-140,087043,0,0,0
067-129-010,087043,0,0,0
067-129-020,087043,26.05,2.99,150.0
067-130-220,087043,0,0,0
067-131-050,087043,8.78,1.01,150.0
067-131-060,087043,0,0,0
067-132-010,087043,0,0,0
067-132-020,087043,214.14,24.64,150.0
067-132-030,087043,0,0,0
067-132-040,087043,15.41,1.77,150.0
067-132-050,087043,5.89,0.67,150.0
067-132-060,087043,0,0,0
067-133-020,087043,10.58,1.21,150.0
067-133-030,087043,8.03,0.92,150.0
067-133-040,087043,28.87,3.32,150.0
067-133-050,087043,0,0,0
067-133-070,087043,0,0,0
067-133-100,087043,0,0,0
067-133-140,087043,0,0,0
067-133-150,087043,0,0,0
067-133-160,087043,0,0,0
067-133-200,087043,0,0,0
067-133-220,087043,0,0,0
067-133-230,087043,0,0,0
067-134-020,087043,3.81,0.43,150.0
067-134-040,087043,9.97,1.14,150.0
067-134-060,087043,0,0,0
067-134-070,087043,0,0,0
067-134-080,087043,0,0,0
067-134-090,087043,0,0,0
067-134-100,087043,0,0,0
067-135-030,087043,0,0,0
067-135-060,087043,0,0,0
067-135-080,087043,0,0,0
067-135-100,087043,9.97,1.14,150.0
067-135-130,087043,4.88,0.56,150.0
067-135-200,087043,66.14,7.61,150.0
067-135-230,087043,0,0,0
067-135-250,087043,0,0,0
067-136-030,087043,0,0,0
067-136-130,087043,0,0,0
067-137-070,087043,4.66,0.53,150.0
067-137-080,087043,8.03,0.92,150.0
067-137-140,087043,0,0,0
067-138-060,087043,12.92,1.48,150.0
067-138-120,087043,0,0,0
067-139-010,087043,0,0,0
067-139-020,087043,0,0,0
067-139-030,087043,0,0,0
067-139-040,087043,0,0,0
067-139-070,087043,0,0,0
067-139-150,087043,4.66,0.53,150.0
067-139-160,087043,0,0,0
067-139-170,087043,12.92,1.48,150.0
067-139-200,087043,0,0,0
067-139-210,087043,0,0,0
067-140-010,087043,3475.44,400.02,150.0
067-140-030,087043,5820.31,669.91,150.0
067-140-040,087043,15713.74,1808.65,150.0
067-140-070,087043,6900.22,794.21,150.0
067-140-090,087043,14188.2,1633.06,150.0
067-140-110,087043,4642.58,534.36,150.0
067-140-120,087043,10275.08,1182.66,150.0
067-140-130,087043,13720.57,1579.23,150.0
067-140-140,087043,13011.2,1497.58,150.0
067-140-150,087043,6606.01,760.35,150.0
067-140-160,087043,17634.77,2029.76,150.0
067-140-170,087043,6038.55,695.03,150.0
067-140-180,087043,966.49,111.24,150.0
067-151-010,087043,0,0,0
067-152-010,087043,0,0,0
067-152-040,087043,259.6,29.87,150.0
067-152-050,087043,27.68,3.18,150.0
067-152-060,087043,0,0,0
067-152-110,087043,0,0,0
067-153-010,087043,0,0,0
067-153-020,087043,4.66,0.53,150.0
067-153-050,087043,110.28,12.69,150.0
067-153-070,Null,0,0,0
067-153-071,087043,0,0,0
067-153-072,087043,0,0,0
067-153-120,087043,0,0,0
067-154-030,087043,12.92,1.48,150.0
067-154-040,087043,0,0,0
067-154-050,087043,0,0,0
067-154-060,087043,0,0,0
067-154-070,087043,0,0,0
067-154-080,087043,12.92,1.48,150.0
067-154-090,087043,81.82,9.41,150.0
067-154-100,087043,0,0,0
067-155-020,087043,0,0,0
067-155-060,087043,0,0,0
067-155-090,087043,0,0,0
067-155-100,087043,0,0,0
067-156-070,087043,71.4,8.21,150.0
067-156-100,087043,0,0,0
067-157-010,087043,2.28,0.26,150.0
067-157-030,087043,8.03,0.92,150.0
067-157-080,087043,0,0,0
067-158-020,087043,8.03,0.92,150.0
067-158-060,087043,82.39,9.48,150.0
067-158-110,087043,0,0,0
067-158-130,087043,0,0,0
067-161-050,087043,140.43,16.16,150.0
067-161-060,087043,116.23,13.37,150.0
067-162-010,087043,154.92,17.83,150.0
067-162-020,087043,53.14,6.11,150.0
067-162-030,087043,13207.7,1520.2,150.0
067-162-050,087043,254.89,29.33,150.0
067-162-060,087043,132.65,15.26,150.0
067-162-070,087043,17.63,2.02,150.0
067-162-080,087043,104.04,11.97,150.0
067-162-090,087043,51.57,5.93,150.0
067-162-100,087043,75.42,8.68,150.0
067-162-110,087043,26.98,3.1,150.0
067-162-120,087043,26.98,3.1,150.0
067-162-130,087043,26.98,3.1,150.0
067-163-100,087043,298.83,34.39,150.0
067-164-190,087043,646.52,74.41,150.0
067-164-210,087043,1859.61,214.04,150.0
067-165-010,087043,10.58,1.21,150.0
067-165-020,087043,446.13,51.34,0
067-165-060,087043,26.05,2.99,150.0
067-165-090,087043,23.64,2.72,150.0
067-165-100,087043,445.8,51.31,150.0
067-166-080,087043,92.85,10.68,150.0
067-166-090,087043,92.85,10.68,150.0
067-166-100,087043,4.66,0.53,150.0
067-166-150,087032,669.97,77.11,150.0
067-166-160,087032,896.53,103.19,150.0
067-166-170,087032,9710.32,1117.65,150.0
067-166-190,087043,9505.59,1094.09,150.0
067-166-200,087043,8196.74,943.44,150.0
067-166-230,087043,3831.5,441.0,150.0
067-166-330,087043,15995.0,1841.02,150.0
067-166-340,087043,4481.68,515.84,0
067-166-350,087043,61.83,7.11,150.0
067-166-360,087043,1087.53,125.17,150.0
067-166-370,087043,1665.6,191.71,150.0
067-167-010,087043,248.73,28.62,150.0
067-167-050,087043,22.13,2.54,150.0
067-167-060,087043,5925.62,682.03,150.0
067-167-070,087043,780.3,89.81,150.0
067-167-080,087043,10517.12,1210.52,150.0
067-167-100,087043,6155.0,708.44,150.0
067-167-130,087032,12540.92,1443.45,150.0
067-167-140,087032,3953.04,454.99,150.0
067-167-190,087043,10790.0,1241.92,150.0
067-167-200,087043,72.82,8.38,150.0
067-167-230,087043,7105.34,817.82,150.0
067-167-240,087043,5686.52,654.51,150.0
067-167-250,087043,109.94,12.65,150.0
067-167-280,087043,1924.74,221.53,150.0
067-167-290,087043,43.74,5.03,150.0
067-167-300,087043,8.78,1.01,150.0
067-167-310,087043,32.82,3.77,150.0
067-167-320,087043,10.58,1.21,150.0
067-167-330,087043,1884.74,216.93,150.0
067-167-340,087043,12744.9,1466.93,150.0
067-167-370,087032,3968.24,456.74,0
067-167-380,087043,147.55,16.98,150.0
067-167-390,087043,153.55,17.67,150.0
067-168-020,087043,22.13,2.54,150.0
067-168-030,087043,571.0,65.72,150.0
067-168-040,087043,2322.54,267.32,150.0
067-168-050,087043,43.74,5.03,150.0
067-168-060,087043,1283.02,147.67,0
067-168-090,087043,7996.01,920.34,150.0
067-168-120,087043,3654.42,420.62,150.0
067-168-130,087043,12394.34,1426.58,150.0
067-168-140,087043,212.24,24.42,150.0
067-168-150,087043,6035.66,694.7,150.0
067-168-160,087043,932.38,107.31,150.0
067-168-210,087043,1393.32,160.37,150.0
067-168-220,087043,2342.94,269.67,150.0
067-168-260,087043,559.92,64.44,150.0
067-168-280,087043,43.74,5.03,150.0
067-168-290,087043,4192.25,482.52,150.0
067-168-300,087043,911.93,104.96,150.0
067-168-310,087043,4821.12,554.91,150.0
067-171-010,087043,0,0,0
067-171-030,087043,0,0,0
067-171-070,087043,335.54,38.62,150.0
067-171-080,087043,18.72,2.15,150.0
067-171-090,087043,2.28,0.26,150.0
067-171-100,087043,0,0,0
067-171-110,087043,0,0,0
067-171-120,087043,74.35,8.55,150.0
067-171-130,087043,74.35,8.55,150.0
067-171-140,087043,263.72,30.35,150.0
067-171-150,087043,255.44,29.4,150.0
067-171-160,087043,0,0,0
067-172-030,087043,0,0,0
067-172-040,087043,0,0,0
067-172-050,087043,8.03,0.92,150.0
067-172-060,087043,0,0,0
067-172-070,087043,100.0,11.51,150.0
067-172-080,087043,300.0,34.53,150.0
067-172-090,087043,0,0,0
067-172-100,087043,0,0,0
067-173-010,087043,2.28,0.26,150.0
067-173-020,087043,80.54,9.27,150.0
067-173-030,087043,129.14,14.86,150.0
067-173-040,087043,100.0,11.51,150.0
067-173-050,087043,0,0,0
067-173-060,087043,100.0,11.51,150.0
067-173-070,087043,2.28,0.26,150.0
067-173-080,087043,300.0,34.53,150.0
067-173-090,087043,100.0,11.51,150.0
067-173-100,087043,200.0,23.02,150.0
067-174-010,087043,0,0,0
067-174-020,087043,1.25,0.14,150.0
067-174-030,087043,0,0,0
067-174-040,087043,300.0,34.53,150.0
067-174-050,087043,550.0,63.3,150.0
067-174-060,087043,550.0,63.3,150.0
067-174-070,087043,400.0,46.04,150.0
067-174-100,087043,1600.0,184.16,150.0
067-174-110,087043,22.13,2.54,150.0
067-174-120,087043,0,0,0
067-174-130,087043,1197.66,137.85,150.0
067-174-140,087043,1197.66,137.85,150.0
067-174-150,087043,131.92,15.18,150.0
067-174-160,087043,0,0,0
067-174-170,087043,10013.44,1152.54,150.0
067-174-180,087043,3337.79,384.17,150.0
067-174-190,087043,32.81,3.77,150.0
067-174-200,087043,0,0,0
067-175-010,087043,0,0,0
067-175-020,087043,82.78,9.52,150.0
067-175-070,087043,2.28,0.26,150.0
067-175-080,087043,128.71,14.81,150.0
067-175-090,087043,20.04,2.3,150.0
067-175-100,087043,102.09,11.75,150.0
067-175-110,087043,204.28,23.51,150.0
067-175-120,087043,2077.89,239.16,150.0
067-175-130,087043,4617.54,531.47,150.0
067-175-140,087043,2597.38,298.95,150.0
067-175-150,087043,235.45,27.1,150.0
067-175-160,087043,3230.0,371.77,150.0
067-175-170,087043,65.53,7.54,150.0
067-175-180,087043,262.7,30.23,150.0
067-175-190,087043,1279.86,147.31,150.0
067-175-200,087043,0,0,0
067-175-210,087043,2.28,0.26,150.0
067-175-230,087043,0,0,0
067-176-090,087043,148.8,17.12,150.0
067-176-200,087043,3570.42,410.95,150.0
067-176-210,087043,1742.53,200.56,0
067-177-010,087043,43.67,5.02,150.0
067-177-020,087043,344.39,39.63,150.0
067-177-090,087043,43.67,5.02,150.0
067-177-100,087043,5291.99,609.1,150.0
067-177-110,087043,49.29,5.67,150.0
067-181-010,087043,7854.15,904.01,150.0
067-181-060,087043,98.78,11.36,150.0
067-181-070,087043,8587.45,988.41,150.0
067-182-100,087043,6040.85,695.3,150.0
067-182-110,087043,0,0,0
067-183-010,087043,7250.0,834.47,150.0
067-183-020,087043,5134.14,590.93,150.0
067-184-030,087043,764.72,88.01,0
067-184-040,087043,3900.03,448.89,150.0
067-184-050,087043,3988.87,459.11,150.0
067-184-060,087043,0,0,0
067-184-070,087043,3.88,0.44,0
067-184-080,087043,3.88,0.44,0
067-184-090,087043,1955.78,225.11,0
067-184-150,087043,54.37,6.25,150.0
067-184-160,087043,3521.36,405.3,150.0
067-184-210,087043,5717.63,658.09,150.0
067-184-220,087043,1784.88,205.43,150.0
067-184-230,087043,9779.1,1125.57,150.0
067-184-250,087043,4602.36,529.73,150.0
067-184-260,087043,33.81,3.89,150.0
067-185-010,087043,66.9,7.7,150.0
067-185-020,087043,85.64,9.85,150.0
067-185-050,087043,98.87,11.37,150.0
067-185-060,087043,0,0,0
067-185-110,087043,12.92,1.48,150.0
067-185-120,087043,0,0,0
067-185-130,087043,21.21,2.44,150.0
067-185-140,087043,821.95,94.6,150.0
067-185-160,087043,0,0,0
067-185-170,087043,0,0,0
067-185-180,087043,61.2,7.04,150.0
067-185-190,087043,61.2,7.04,150.0
067-185-200,087043,0,0,0
067-185-250,087043,554.71,63.84,150.0
067-185-260,087043,237.64,27.35,150.0
067-185-270,087043,3531.56,406.48,150.0
067-185-280,087043,554.71,63.84,150.0
067-185-290,087043,396.13,45.59,150.0
067-185-330,087043,234.22,26.95,150.0
067-185-340,087043,4420.81,508.83,150.0
067-185-350,087043,0,0,0
067-185-360,087043,540.88,62.25,150.0
067-185-380,087043,5621.17,646.99,0
067-186-030,087043,243.49,28.02,150.0
067-186-040,087043,46.58,5.36,150.0
067-186-050,087043,413.08,47.54,150.0
067-186-060,087043,0,0,0
067-186-070,087043,17.08,1.96,150.0
067-186-100,087043,45.02,5.18,150.0
067-186-160,087043,0,0,0
067-186-190,087043,4.66,0.53,150.0
067-186-200,087043,9.97,1.14,150.0
067-186-210,087043,0,0,0
067-186-220,087043,0,0,0
067-186-230,087043,0,0,0
067-186-240,087043,7904.36,909.79,150.0
067-186-250,087043,562.96,64.79,150.0
067-186-260,087043,0,0,0
067-186-280,087043,0,0,0
067-186-290,087043,0,0,0
067-186-300,087043,0,0,0
067-186-320,087043,0,0,0
067-191-010,087013,0,0,0
067-191-020,087043,0,0,0
067-191-030,087043,9907.74,1140.38,150.0
067-191-130,087013,1999.26,230.11,150.0
067-191-150,087013,4137.66,476.24,150.0
067-191-160,087013,3895.6,448.38,150.0
067-191-170,087013,27008.7,3108.7,150.0
067-194-070,087009,275.0,31.65,150.0
067-194-080,087014,268.5,30.9,150.0
067-194-090,087009,1400.0,161.14,150.0
067-194-130,055003,2150.0,0,0
067-194-140,087009,1000.0,115.1,150.0
067-194-150,087009,1250.0,143.87,150.0
067-201-020,087043,6308.96,726.16,150.0
067-201-030,087043,8458.31,973.55,150.0
067-201-040,087043,11074.02,1274.61,150.0
067-201-060,087043,6794.11,782.0,150.0
067-201-120,087043,9672.63,1113.31,150.0
067-201-130,087043,22815.96,2626.11,150.0
067-201-140,087043,7260.49,835.68,150.0
067-201-150,087043,6364.5,732.55,150.0
067-201-190,087043,6658.85,766.43,150.0
067-201-210,087043,1208.36,139.08,150.0
067-201-220,087043,18900.0,2175.39,150.0
067-201-240,087043,6845.86,787.95,150.0
067-201-250,087043,13708.1,1577.8,150.0
067-201-260,087043,5615.29,646.31,150.0
067-202-010,087009,0,0,0
067-211-040,087043,9845.2,1133.18,150.0
067-211-070,087043,614.92,70.77,150.0
067-211-080,087043,1364.73,157.08,150.0
067-211-090,087043,628.13,72.29,150.0
067-211-110,087043,14483.14,1667.0,150.0
067-211-130,087043,15936.6,1834.3,150.0
067-211-140,087043,4252.15,489.42,0
067-211-170,087043,76.8,8.83,150.0
067-211-190,087043,1422.62,163.74,150.0
067-211-220,087043,7822.88,900.41,150.0
067-211-230,087043,2239.56,257.77,150.0
067-211-240,087043,7915.71,911.09,150.0
067-212-010,087043,9080.0,1045.1,150.0
067-212-020,087043,4222.32,485.98,150.0
067-212-030,087043,4954.59,570.27,150.0
067-212-040,087043,2607.01,300.06,150.0
067-212-050,087043,1553.44,178.8,150.0
067-212-060,087043,5950.51,684.9,150.0
067-221-010,087046,2596.63,298.87,150.0
067-222-050,087043,4270.25,491.5,150.0
067-222-070,087043,699.91,80.55,150.0
067-222-080,087043,1559.67,179.51,150.0
067-222-090,087043,7127.81,820.41,150.0
067-222-100,087043,434.64,50.02,150.0
067-222-120,087043,9176.72,1056.24,150.0
067-222-230,087043,13007.08,1497.11,150.0
067-222-240,087043,17250.0,1985.47,150.0
067-222-260,087043,575.36,66.22,150.0
067-222-280,087043,650.0,74.81,150.0
067-222-290,087043,540.0,62.15,150.0
067-222-300,087043,690.0,79.41,150.0
067-222-310,087043,810.0,93.23,150.0
067-222-320,087043,13487.72,1552.43,150.0
067-222-330,087043,8746.76,1006.75,150.0
067-230-050,087013,75065.62,8640.05,150.0
067-230-080,087013,1695.23,195.12,150.0
067-230-090,087013,7168.67,825.11,150.0
067-230-100,087013,15755.54,1813.46,150.0
067-230-130,087013,7126.04,820.2,0
067-230-140,087013,16644.01,1915.72,150.0
067-230-200,087013,6603.12,760.01,150.0
067-230-210,087013,7433.95,855.64,150.0
067-230-230,087013,4116.58,473.81,150.0
067-230-240,087013,9383.14,1079.99,150.0
067-230-250,087013,8831.22,1016.47,150.0
067-230-260,087013,15330.38,1764.52,150.0
067-230-290,087013,18435.88,2121.96,150.0
067-230-300,087013,16221.19,1867.05,150.0
067-240-020,073007,13778.08,0,0
067-240-030,073007,1299.42,0,0
067-240-050,087013,0,0,0
067-240-060,087013,14057.0,1617.96,150.0
067-240-070,087013,16964.0,1952.55,150.0
067-240-080,087013,26712.38,3074.59,150.0
067-250-030,087013,12165.37,1400.23,150.0
067-250-040,087044,1556.85,179.19,150.0
067-250-050,087013,764.56,88.0,0
067-250-080,087044,1689.94,194.51,0
067-250-100,087013,14930.5,1718.5,150.0
067-250-110,087044,19381.0,2230.75,150.0
067-250-120,087013,14431.12,1661.02,150.0
067-250-130,087013,24241.26,2790.17,150.0
067-251-030,073027,43.81,0,0
067-251-040,087073,3187.94,366.95,150.0
067-251-050,087073,15828.29,1821.82,150.0
067-251-060,073027,3245.83,0,0
067-252-020,087013,4082.15,469.85,0
067-252-030,087013,5622.3,647.12,0
067-252-040,087013,16819.72,1935.94,150.0
067-260-010,087044,16127.79,1856.3,150.0
067-260-020,087044,764.53,87.99,0
067-260-030,087044,1400.44,161.19,150.0
067-260-040,087044,11646.01,1340.45,150.0
067-260-100,087044,2117.83,243.76,150.0
067-260-120,087044,2963.97,341.15,150.0
067-260-140,087044,8480.28,976.08,150.0
067-260-170,087044,30705.62,3534.21,150.0
067-260-190,087044,14170.74,1631.05,150.0
067-260-200,087044,17416.29,2004.61,150.0
067-280-150,073002,0,0,0
067-290-020,087013,10487.04,1207.05,150.0
067-290-180,087013,2318.17,266.82,150.0
067-290-200,087013,0,0,0
067-300-010,087013,0,0,0
067-300-020,087013,14130.74,1626.44,150.0
067-300-030,087013,13458.02,1549.01,150.0
067-300-040,087013,7975.61,917.99,150.0
067-310-030,087013,7231.96,832.39,0
067-310-070,087013,1194.21,137.45,150.0
067-310-080,087013,24911.15,2867.27,150.0
067-310-090,087013,45266.22,5210.14,150.0
067-310-130,087013,797.32,91.77,150.0
067-310-150,087013,1947.46,224.15,150.0
067-310-160,087013,608.75,70.06,150.0
067-310-170,087013,0,0,0
067-320-010,087013,14252.47,1640.45,150.0
067-320-220,087013,0,0,0
067-330-060,087043,0,0,0
067-340-010,055001,0,0,0
067-340-060,055011,0,0,0
067-340-090,055004,0,0,0
067-340-100,087004,0,0,0
067-340-110,055011,900.41,0,0
067-350-020,087058,834.61,96.06,150.0
067-350-030,087058,332.24,38.24,150.0
067-350-050,087058,659.1,75.86,150.0
067-360-060,087043,68.5,7.88,150.0
067-360-070,087043,0,0,0
067-370-020,087057,0,0,0
067-380-010,087058,235.26,27.07,150.0
067-380-020,087028,289.81,33.35,150.0
067-380-030,087028,14326.3,1648.95,150.0
067-390-060,087004,460.0,52.94,0
067-390-110,087012,0,0,0
067-390-170,087004,0,0,0
067-400-150,087004,0,0,0
067-400-160,087028,0,0,0
067-410-040,087004,2631.41,302.87,150.0
067-410-050,087012,17222.75,1982.33,150.0
067-410-060,087012,19597.51,2255.67,150.0
067-410-070,087004,9750.0,1122.22,150.0
067-410-120,087028,5700.49,656.12,150.0
067-410-220,087012,3528.12,406.08,150.0
067-410-230,087012,3299.66,379.79,150.0
067-410-250,087004,115.58,13.3,150.0
067-410-270,087004,15188.33,1748.17,150.0
067-410-280,087028,0,0,0
067-410-290,087004,0,0,0
067-410-999,Null,0,0,0
072-230-060,055003,4624.49,0,0
072-230-070,055003,9561.1,0,0
072-230-090,055003,13484.81,0,0
072-271-040,055002,4228.6,0,0
072-300-040,055003,0,0,0
072-300-060,055006,0,0,0
072-320-020,087004,0,0,0
072-320-140,055004,7264.31,0,0
072-320-160,055004,0,0,0
072-320-180,055011,0,0,0
072-320-190,055004,0,0,0
072-320-200,055011,0,0,0
072-320-240,087003,1.24,0.14,150.0
072-320-270,087003,148.8,17.12,150.0
072-320-300,087003,22833.12,2628.09,150.0
072-320-310,087003,16463.74,1894.97,150.0
072-320-320,087003,0,0,0
072-320-330,087003,1159.77,133.48,150.0
072-320-340,087003,10459.99,1203.94,150.0
072-320-350,055004,0,0,0
072-331-010,070010,96613.76,0,0
072-332-250,070013,140.43,0,0
072-332-260,070013,25063.79,0,0
072-342-010,055006,178.35,0,0
072-342-030,087009,15112.14,1739.4,150.0
072-342-040,087009,6254.65,719.91,150.0
072-342-140,087009,107.51,12.37,150.0
072-342-150,087009,16.97,1.95,150.0
072-342-160,087009,18059.29,2078.62,150.0
072-342-170,087009,20503.17,2359.91,150.0
072-342-180,087009,29146.31,3354.74,0
072-343-010,087003,11.99,1.38,150.0
072-343-020,087009,85.03,9.78,150.0
072-343-090,087003,22818.8,2626.44,150.0
072-343-100,087003,8389.27,965.6,150.0
072-343-110,087003,0,0,0
072-343-120,087003,15763.73,1814.4,150.0
072-343-130,087003,968.92,111.52,150.0
072-350-100,087003,0,0,0
072-360-030,087003,0,0,0
075-330-220,070014,0,0,0
075-330-260,070010,0,0,0
075-340-010,087003,0,0,0
075-340-130,087003,46.84,5.39,150.0
075-340-140,087003,24158.7,2780.66,150.0
075-340-180,087003,3580.55,412.12,150.0
075-340-190,087003,0,0,0
075-340-240,087003,0,0,0
075-340-250,087003,4299.88,494.91,150.0
075-340-260,087003,2976.63,342.61,150.0
075-340-290,087003,22.59,2.6,150.0
075-340-310,087003,150.67,17.34,150.0
075-340-330,087003,10048.75,1156.61,150.0
075-340-340,087003,20978.82,2414.66,150.0
075-340-350,087003,17843.72,2053.81,150.0
075-340-360,087003,10519.42,1210.78,0
075-340-380,087003,13596.33,1564.93,150.0
075-340-400,087003,24615.7,2833.26,150.0
075-340-410,087003,7091.16,816.19,150.0
075-340-420,087003,32656.04,3758.71,150.0
075-350-010,087003,0,0,0
075-360-060,087088,243.13,27.98,150.0
075-360-070,087088,67.81,7.8,150.0
075-360-110,087029,5528.03,636.27,150.0
075-360-120,087088,14422.87,1660.07,150.0
075-360-140,087088,210.25,24.19,150.0
078-240-080,087088,151.68,17.45,150.0
078-250-060,070014,0,0,0
078-260-070,070014,0,0,0
078-270-010,087088,0,0,0
078-270-020,087088,0,0,0
078-280-010,087081,0,0,0
081-090-040,087090,0,0,0
081-090-050,087057,0,0,0
081-100-010,087086,1215.69,139.92,150.0
081-100-020,087088,2386.03,274.63,150.0
081-100-030,087029,5058.38,582.21,150.0
081-100-040,087029,0,0,0
081-100-050,087029,308.43,35.5,150.0
081-100-060,087029,38.35,4.41,150.0
081-100-100,087088,18120.75,2085.69,150.0
081-100-110,087088,8090.61,931.22,150.0
081-100-120,087088,5423.68,624.26,150.0
081-100-130,087029,190.47,21.92,150.0
081-100-140,087029,10164.39,1169.92,150.0
081-100-150,087029,3170.43,364.91,150.0
081-100-160,087088,0,0,0
081-100-170,087088,158.11,18.19,150.0
081-100-220,087029,2.25,0.25,150.0
081-100-260,087029,0,0,0
081-100-270,087088,9983.0,1149.04,150.0
081-100-280,087088,8.58,0.98,150.0
081-100-290,087029,7.97,0.91,150.0
081-100-300,087088,25529.72,2938.47,150.0
081-110-030,087003,0,0,0
081-120-020,087057,784.99,90.35,150.0
081-120-060,087057,5409.12,622.58,150.0
081-130-010,087029,1207.94,139.03,150.0
081-130-020,087088,23.12,2.66,150.0
081-130-030,087029,15.25,1.75,150.0
081-130-040,087088,1367.79,157.43,150.0
081-140-010,087088,2421.27,278.68,150.0
081-150-020,087088,2006.37,230.93,150.0
081-150-030,087029,617.01,71.01,150.0
081-150-040,087088,713.47,82.12,150.0
081-160-030,087088,1512.34,174.07,150.0
081-160-040,087088,18.22,2.09,150.0
081-160-050,087029,261.5,30.09,150.0
081-160-070,087029,0,0,0
081-170-010,087029,5652.89,650.64,150.0
081-170-040,087029,1015.75,116.91,150.0
081-170-050,087088,25183.89,2898.66,150.0
081-170-060,087088,10802.78,1243.39,150.0
081-180-010,087088,177.36,20.41,150.0
081-180-050,087029,177.07,20.38,150.0
081-180-060,087029,3391.73,390.38,150.0
081-180-120,087088,4137.44,476.21,150.0
081-180-130,087029,1051.82,121.06,150.0
081-190-010,087029,1.22,0.14,150.0
081-190-070,087088,6384.38,734.84,150.0
081-190-110,087029,0,0,0
081-200-020,087029,6872.41,791.01,150.0
081-210-010,087029,11845.13,1363.37,150.0
081-210-020,087029,17336.38,1995.41,150.0
081-340-010,087029,30884.11,3554.76,150.0
081-350-010,087029,5336.17,614.19,150.0
081-350-020,087029,8370.0,963.38,150.0
081-350-140,087088,18422.05,2120.37,150.0
081-350-150,087029,5218.25,600.62,150.0
081-360-010,087088,3218.97,370.5,150.0
081-370-040,087029,2186.89,251.71,150.0
081-370-050,087029,7421.54,854.21,150.0
081-370-060,087088,12367.99,1423.55,150.0
081-370-090,087088,13581.66,1563.24,150.0
081-370-100,087088,7655.05,881.09,150.0
081-380-020,087003,6525.71,751.1,150.0
081-380-030,087003,225.99,26.01,150.0
081-380-050,087003,1332.95,153.42,150.0
081-380-999,Null,0,0,0
093-080-120,078001,789.75,0,0
093-090-010,078001,2445.61,0,0
093-090-040,078001,2702.61,0,0
093-090-050,073001,2630.1,0,0
093-101-010,073001,2908.17,0,0
093-101-050,073001,1189.13,0,0
093-101-060,073007,508.62,0,0
093-110-010,073007,42.88,0,0
112-130-010,087043,10800.0,1243.08,150.0
112-130-020,087043,9059.28,1042.72,150.0
112-130-030,087043,6502.5,748.43,150.0
112-130-040,087043,6616.34,761.54,150.0
112-130-999,Null,0,0,0
134-291-110,087058,0,0,0
134-291-240,087013,0,0,0
134-291-460,073007,0,0,0
134-291-630,087003,0,0,0
